year,estimate,esterror,q2_5,q97_5
1751,0.917339539066148,0.0280924299783996,0.863175739029422,0.972609647128275
1751.5,0.916558561431899,0.0276127940650734,0.862638334069588,0.972313611135901
1752,0.915991768620397,0.027663489770249,0.862377856848889,0.970482959476878
1752.5,0.915236323963966,0.0267706184645723,0.86377904613972,0.967817272335903
1753,0.914132633453354,0.026883756100412,0.862080738182741,0.96729810649061
1753.5,0.913361568263238,0.0265968263041839,0.8615416673742,0.966398743642367
1754,0.912938508154718,0.0261686276582752,0.860318242483181,0.963602163113257
1754.5,0.911857064130808,0.0260629720144524,0.860825581237431,0.963665694176771
1755,0.91194414678511,0.0254323969038707,0.860310421266319,0.962244112548315
1755.5,0.911118003078461,0.0260742588967692,0.861813761727391,0.962181220171185
1756,0.909945072437089,0.0259233057420514,0.858214798291526,0.960818774052582
1756.5,0.909985393564381,0.0256815239694442,0.859253183738916,0.960309803784908
1757,0.908329006687688,0.0250265882594274,0.859710660490295,0.957240480799502
1757.5,0.908970801700568,0.0251925958730327,0.856944649881005,0.957514752065876
1758,0.907885167406917,0.0249423605967431,0.858174199848476,0.956116522777602
1758.5,0.90819855366222,0.0250055415315374,0.859116004764131,0.958169630815143
1759,0.907176553933178,0.0248305099562604,0.858702597680487,0.956032103993689
1759.5,0.907513005992803,0.0251624285373225,0.859422660643027,0.958852889418863
1760,0.906731368026028,0.0247829808654463,0.857450201073021,0.954788227301722
1760.5,0.906588836693135,0.0254340525834615,0.856236674821799,0.955030923302406
1761,0.906033577484668,0.0252360077339802,0.855745979661655,0.954760230566484
1761.5,0.906493483151522,0.0253201478383122,0.85630855145418,0.955785661131208
1762,0.906038009063618,0.0251187012919778,0.85643766231634,0.956672014703924
1762.5,0.906447071251263,0.0254439444143716,0.857624220568749,0.95585355865894
1763,0.905829187197613,0.0253528537562222,0.857304244098558,0.954636397284373
1763.5,0.90583459823316,0.0254351794716516,0.854814236196764,0.955156173905882
1764,0.906131550448942,0.0255033934743361,0.856316587424533,0.956243394302907
1764.5,0.906409445887764,0.0255385348908791,0.854526995663887,0.956657005193367
1765,0.906878737930318,0.0260045617551852,0.855368986940654,0.956990131164416
1765.5,0.907097825205853,0.0258537034107981,0.857211100160638,0.957690369318652
1766,0.907531409364368,0.0256214854175011,0.85712948192915,0.956990111657437
1766.5,0.908567882656403,0.0255966358481289,0.859248791241974,0.95903371531665
1767,0.909030955247333,0.0257958360995324,0.859077640746064,0.959363829611491
1767.5,0.909346890702179,0.025714696855263,0.859231558555025,0.959516769716669
1768,0.910016218766508,0.0253804105211606,0.860644147184679,0.959867038755802
1768.5,0.910266471117187,0.0258082755722321,0.859219855125528,0.961048256689244
1769,0.911291431561394,0.0253769932987223,0.861494172556134,0.961700356475325
1769.5,0.911180326359138,0.025419079265414,0.861580193050781,0.960425425370262
1770,0.912717193706163,0.0256460491126763,0.862881728685613,0.96311644181602
1770.5,0.913081711357194,0.0255873672624318,0.863370737737665,0.964672896375776
1771,0.913444754167682,0.0254122395903662,0.863157863418811,0.963274114859449
1771.5,0.914341808240047,0.0255865391293726,0.863801725819324,0.96391548237113
1772,0.914605458556455,0.0253530374433288,0.865405517472798,0.965877480524104
1772.5,0.915573637175074,0.0250262713902702,0.866373356291705,0.963819989157688
1773,0.916300683924506,0.0250713952185586,0.868126448954201,0.966176780535181
1773.5,0.91787375366944,0.0249855781072223,0.868074836242213,0.96648163572774
1774,0.917728066400549,0.0250870750839572,0.867529504963616,0.966264493138585
1774.5,0.918578155939968,0.025042078690476,0.869469623515345,0.966666666193925
1775,0.919585580473268,0.0250751339853587,0.869859826835077,0.969335443235467
1775.5,0.919679051122003,0.0250090111610817,0.870510816114005,0.969548996830849
1776,0.920463257001297,0.0251843797546998,0.870388477143334,0.96867168728023
1776.5,0.92134309076739,0.0251653350604458,0.87254540806385,0.971312287069488
1777,0.921433206399819,0.0254532943945613,0.870998953015507,0.97110107922544
1777.5,0.922266424343834,0.0248248592342325,0.87331758366922,0.970467370567629
1778,0.922923554372163,0.0249778819921638,0.873337150994287,0.971038136614161
1778.5,0.922458591241139,0.0255584735039437,0.872138963873141,0.972623253900055
1779,0.923647403030198,0.0253274453438913,0.873068615386454,0.971719819162565
1779.5,0.923407555537249,0.0252744491255998,0.872585127662309,0.973374216402298
1780,0.924235397966468,0.0253605889228608,0.874325240611084,0.97268944043905
1780.5,0.924520843267187,0.0250595072928114,0.875444591344219,0.974159075377029
1781,0.925208306551928,0.0257534792245394,0.874199106182628,0.974972444820266
1781.5,0.924354086197223,0.0251812541744946,0.874171707729351,0.974407738857547
1782,0.924370217812769,0.0250972343896768,0.875766874548342,0.973457655987944
1782.5,0.925032994138821,0.0256607162214597,0.875484221236211,0.975367683082739
1783,0.924915322663767,0.0255703133113945,0.874659455759303,0.97453265868828
1783.5,0.92457945510065,0.0255741020743374,0.874575776804447,0.974216968134759
1784,0.924679599891418,0.0255018678953736,0.874181873148498,0.975347249456556
1784.5,0.924489719139839,0.0256023309698011,0.87450490880456,0.974885077120912
1785,0.923892127425743,0.0252282438667953,0.874640691727403,0.971950903242991
1785.5,0.923921781480825,0.0249936101166703,0.875693662438081,0.973308064338847
1786,0.923008505066488,0.0255125459878422,0.872131247636282,0.973284848704292
1786.5,0.922417288083009,0.0254665920709713,0.872838762192657,0.971859429182633
1787,0.922016456938318,0.0256791410382067,0.872267856147329,0.974084530834743
1787.5,0.92177191112998,0.0254536566141201,0.872271474805334,0.971631716522953
1788,0.920891117517529,0.0256260907541719,0.870221335626225,0.970390397456135
1788.5,0.920574768578917,0.0254492427122884,0.870693666526521,0.969733110406569
1789,0.919584113502126,0.0255313529052402,0.869357817557398,0.968536979719463
1789.5,0.918961921574121,0.0255227188284583,0.869430434852259,0.968762730215794
1790,0.918671452857078,0.0259232984831592,0.869139442793646,0.970395866696553
1790.5,0.917799174522776,0.0248599508409924,0.868812253716925,0.967237384722521
1791,0.916907817083055,0.0250009089386905,0.868514358442305,0.965236690931085
1791.5,0.916418978645252,0.0257252325035859,0.866921305034448,0.967136863165926
1792,0.915778445751954,0.02576715105243,0.865519406650566,0.966278598043627
1792.5,0.914765399390691,0.0254473522054746,0.863301784243155,0.964818515924209
1793,0.914370572898832,0.0250539019320115,0.864714002298514,0.963509893039767
1793.5,0.914365909996604,0.0250753427956014,0.864565377167996,0.963437166284405
1794,0.912055146690837,0.0253820589235035,0.862461475466076,0.962059086307215
1794.5,0.911586243561132,0.024784795265061,0.864598723941636,0.960516148698321
1795,0.91193958871683,0.0254223736903761,0.861548151722283,0.962045394095083
1795.5,0.911009617897251,0.0254416578514436,0.861091841936501,0.960470103687955
1796,0.910752209406643,0.0253973448250098,0.861723226778543,0.960054350810293
1796.5,0.909468831013621,0.0252762660666131,0.860367275985331,0.960470822933931
1797,0.909197144984436,0.025218411933665,0.859314488222488,0.958397453821144
1797.5,0.908907544429169,0.0253580770486373,0.859185629975375,0.958727156947026
1798,0.908668193221587,0.0253467876995086,0.859331595692119,0.958489146031355
1798.5,0.907986709041205,0.0255815349630449,0.857906277781994,0.959777253789393
1799,0.907699185439702,0.025521837572273,0.856796716386627,0.957691476493117
1799.5,0.907448722204862,0.0251811624448608,0.85797569231842,0.956440252083165
1800,0.907372845192811,0.0253366661917686,0.85671200202506,0.956653931931176
1800.5,0.906760762360974,0.0254822164823842,0.856970758018988,0.956342457743723
1801,0.906467293634321,0.0249156090887426,0.859087833822668,0.954876523512074
1801.5,0.906895697252271,0.0254114049290945,0.857111382220118,0.956962350656571
1802,0.907443490842215,0.0256499728717166,0.857089580470949,0.957146236500354
1802.5,0.907386312430299,0.0254460928174942,0.856794572530236,0.956724149418218
1803,0.906796260825748,0.0256935089333079,0.857540131929491,0.957082817962961
1803.5,0.907498905999192,0.0249451025890893,0.858982670095996,0.955867872249973
1804,0.906780199504386,0.0253097795356406,0.859399316891046,0.958482317054261
1804.5,0.908279700649236,0.0255063678944493,0.857894882348061,0.957376234720892
1805,0.907914856665592,0.0255472296012858,0.858859327297598,0.959002450610638
1805.5,0.908312453233519,0.0254788810818257,0.857775866707893,0.957018116818075
1806,0.909202291233761,0.0254903047556213,0.859382525189277,0.960048779182016
1806.5,0.909007929978381,0.0254079183149323,0.859854464148253,0.958861465536881
1807,0.910554991800825,0.0256112878498552,0.861957402816455,0.961412729509235
1807.5,0.910268459450016,0.0256140837934907,0.85994708690452,0.96137710596698
1808,0.910588001103078,0.0257273544651018,0.860279685009636,0.961696316695645
1808.5,0.911878486816086,0.025900880460199,0.86144443501953,0.962932983286647
1809,0.912380585890021,0.0250519241781686,0.862105483094993,0.961214950312801
1809.5,0.913235898147733,0.025538194354964,0.8619687958635,0.963279120893493
1810,0.913343081325741,0.0256374005105541,0.864262902017685,0.96391321103337
1810.5,0.914196648375945,0.0249760857851482,0.865298732076942,0.963765607687934
1811,0.914587929984994,0.0251845911206542,0.86623801957865,0.964741766126474
1811.5,0.915392079801269,0.0252507976154343,0.866162779514109,0.965234201643032
1812,0.915924363862459,0.0249229095933724,0.867649523529825,0.965588151421303
1812.5,0.917634379498381,0.0252304935946614,0.868394893803352,0.966758219309532
1813,0.917792574819833,0.0253807395541684,0.868332296970536,0.967223341732295
1813.5,0.918230696331675,0.0250118313457157,0.868751817036695,0.967081601909635
1814,0.919182860060164,0.025293546770144,0.871618500669256,0.968812891626859
1814.5,0.919911783465672,0.0249292381484095,0.870429202089347,0.968645461134214
1815,0.920381549952248,0.025294910173583,0.870704368317361,0.970175885677583
1815.5,0.920186645093501,0.0251230840229578,0.871049840714649,0.969448440745553
1816,0.922022329855022,0.0247371992271068,0.872921563878114,0.970718594314457
1816.5,0.92204598495309,0.0253237597673463,0.871616079615511,0.971018604033006
1817,0.9235100816677,0.0255123819029942,0.87428709127075,0.973291062907827
1817.5,0.923399768013694,0.0248646573389474,0.874560293392812,0.971478173572297
1818,0.923820309155741,0.0252515298021108,0.87500130154334,0.97321507769952
1818.5,0.924344059442115,0.0253216295352984,0.874139528038144,0.974467424646801
1819,0.924041206278837,0.025648133533856,0.87402399583897,0.97448817755664
1819.5,0.924883449644957,0.025144986881362,0.876492879024684,0.974531007940233
1820,0.925107501782777,0.0256244974392669,0.874858134512968,0.975863996134553
1820.5,0.924793764035326,0.0251245915666074,0.873856462623436,0.973979749447802
1821,0.925147714381431,0.0250960025901355,0.875785874921697,0.973449126600297
1821.5,0.925980021986651,0.0255035460897169,0.875687732159178,0.975757654193061
1822,0.92616862838167,0.0255162738655705,0.8761885621435,0.975319553388992
1822.5,0.92639389851666,0.025297089795936,0.876815403514616,0.975563648355655
1823,0.925813415908105,0.0252406769225132,0.876613652450385,0.976728772773779
1823.5,0.925762367866068,0.0251743825575626,0.875128493873505,0.97521293690835
1824,0.92591872926362,0.0254086071489531,0.874964878313912,0.976216059126407
1824.5,0.925635487154688,0.0252163120546874,0.87536968759758,0.973710677226366
1825,0.925715629552581,0.0252197112898625,0.876616578044306,0.975762663191382
1825.5,0.924683352977169,0.0255637842876287,0.875539833101031,0.97492359368225
1826,0.925364340135198,0.0253979774370629,0.875054664974992,0.974991718626577
1826.5,0.925260500634053,0.0251108417368079,0.877427879161699,0.975139908155186
1827,0.924800424338373,0.0251375520250379,0.875844288927296,0.974081265061755
1827.5,0.924283293079335,0.0246797842287719,0.875277174637751,0.971941826385058
1828,0.924409824095023,0.0246485764815569,0.877092035337352,0.974241766430066
1828.5,0.92398409429363,0.0247101722279019,0.876270577845313,0.972743893603601
1829,0.923694674473577,0.0240525066630393,0.876192064758428,0.970790752880031
1829.5,0.923285667556977,0.0244441540167688,0.877271773103167,0.97283941382502
1830,0.922911764742085,0.0245433301078641,0.87554528637501,0.970724543358708
1830.5,0.923243387673168,0.0244950466739098,0.874972080437065,0.971029384035168
1831,0.922749144936816,0.0243550131796723,0.875658912315824,0.970449586433422
1831.5,0.922835937845569,0.0243273804075158,0.875996920953883,0.970887656431512
1832,0.9230410504716,0.0243294230767086,0.876123265296788,0.97015485686487
1832.5,0.922265950003623,0.0241171312020667,0.874538497609909,0.9698782559043
1833,0.922194696287312,0.0245202283921636,0.873328288231601,0.97000253873182
1833.5,0.922081829903891,0.0237100222019232,0.876140125825453,0.969105274536918
1834,0.922316179689115,0.0236962787183329,0.876508683806678,0.968742304382963
1834.5,0.922631959349883,0.0233495835412984,0.876264814208208,0.967933231825342
1835,0.922016875548627,0.0240038584661525,0.874143398933938,0.967914661256794
1835.5,0.922223977622642,0.0237281290018065,0.874189676685107,0.967681273341322
1836,0.92258554494953,0.0232397445455619,0.87760033696944,0.967942939873279
1836.5,0.922689718285587,0.0236829285331478,0.875861077804809,0.970368200104429
1837,0.923902552873427,0.0236790341490345,0.877990276271621,0.970720850999261
1837.5,0.923242614181224,0.0233684801752123,0.877437655438608,0.970365365561237
1838,0.923785853071766,0.0234950874576708,0.87707840998549,0.969729256283835
1838.5,0.925252610521004,0.0235245053382754,0.87883594425764,0.971030836287868
1839,0.924987167005933,0.0234792304198443,0.88007948939247,0.970097541256039
1839.5,0.925148539247422,0.0234942910504479,0.878141664339279,0.971460638326351
1840,0.925996354971506,0.0240067650027103,0.878203821518071,0.974144555559895
1840.5,0.926322685026418,0.0236322646209777,0.880098508965244,0.970512198075772
1841,0.926594511351531,0.023903914092352,0.879338023513696,0.974094962222571
1841.5,0.927529374294883,0.0235079401853037,0.881769454473964,0.974054681752837
1842,0.928441519845868,0.0231708655665072,0.883238282082737,0.973709495431661
1842.5,0.929291036637596,0.0235652468383718,0.882874233754817,0.975869721529333
1843,0.929892519972688,0.0235597024015866,0.884778205395745,0.975844603810174
1843.5,0.930446031298172,0.0239915238479042,0.883587927777002,0.977288422035547
1844,0.931399436728772,0.0233856017825734,0.885724583665444,0.976886059679975
1844.5,0.931902227640658,0.0235959371621237,0.886009118227187,0.978472334265089
1845,0.932708698523965,0.0236489749240705,0.88770643482754,0.979749058820367
1845.5,0.933157699088834,0.0242068391669088,0.885404601650747,0.980871002094025
1846,0.933988669608806,0.0238400018516681,0.888402704076159,0.980106700948939
1846.5,0.934619284098778,0.0241160785586704,0.88706849623043,0.982040912673641
1847,0.934601467033939,0.0240096527829305,0.88842394078171,0.982082755729262
1847.5,0.935119764028056,0.0242368123970816,0.887853774929712,0.983259382462657
1848,0.936543476844347,0.0240413764939154,0.888897699684606,0.983545862482379
1848.5,0.936561738534576,0.0243669065251304,0.891154194143785,0.984169879945008
1849,0.937310839322434,0.0242458550857582,0.889850314104249,0.984674086899079
1849.5,0.936421844017092,0.0245173710830386,0.888090567834889,0.984961010714046
1850,0.937613816462013,0.0242827002197746,0.889584494647632,0.985392660834061
1850.5,0.936966820773004,0.024514251031047,0.887097366303626,0.984152480967459
1851,0.937752360295982,0.0243208347096389,0.890951090661591,0.98583157677542
1851.5,0.937078215324917,0.0245227825835847,0.890130002152768,0.984716954805238
1852,0.937689573093378,0.0249840282368527,0.889298261168897,0.986719555198929
1852.5,0.937102951339771,0.0245267848431313,0.888979502962375,0.986280714150203
1853,0.936622791789516,0.0251871069877885,0.886551230266816,0.986192483916149
1853.5,0.936601515270668,0.0251099726209123,0.88621555343178,0.984916339192319
1854,0.936286956325979,0.024789654210413,0.887075700445821,0.984565102110971
1854.5,0.935759261819765,0.025250615486569,0.885901760062915,0.986235752573237
1855,0.935093059211171,0.0247525618075691,0.887118866411784,0.984424938862391
1855.5,0.934149503790653,0.0254079276783378,0.884717666967097,0.984679372985713
1856,0.934720696597738,0.0250828700984237,0.885537246732701,0.984255238768001
1856.5,0.933721916706374,0.0252638997933632,0.884581983352994,0.983164557668978
1857,0.933300251861858,0.0251710065278613,0.88428618022695,0.982352993441893
1857.5,0.932821908135724,0.02512721018295,0.883758362006982,0.98176947827465
1858,0.931175004577439,0.0253054444316276,0.881366608374947,0.980155745048592
1858.5,0.930679693882836,0.0252746242565154,0.879251029837633,0.978539780672639
1859,0.929824434465469,0.0253016609384669,0.881311571253265,0.980055718446016
1859.5,0.929221049725064,0.0253854021450664,0.878697096665875,0.979798093410956
1860,0.927851601462045,0.0252291966179691,0.879166195954054,0.977475258386977
1860.5,0.92719211198505,0.0251852303310569,0.877897577269295,0.97660679069047
1861,0.926156000270553,0.0251690974242809,0.8774389940584,0.974415033114256
1861.5,0.925953962370544,0.0251406072540468,0.877339986703041,0.976266304729511
1862,0.924037359705932,0.0249098491547118,0.87536954233831,0.973655140292546
1862.5,0.923563731415075,0.0251426635597502,0.875180378702434,0.974001503490345
1863,0.922499459039362,0.0249217699669347,0.873414409931564,0.971504747361477
1863.5,0.92200986949139,0.0255226712423008,0.873269978676442,0.973554816715349
1864,0.921105384101112,0.0253612786736244,0.871424310656191,0.969701192260114
1864.5,0.919378855800414,0.0253292822782328,0.868404015778336,0.96849011888407
1865,0.919811766360067,0.0248879536822091,0.871309253269316,0.967457697016257
1865.5,0.91760134329191,0.0248895863746982,0.869323083547023,0.967047541094698
1866,0.917110574511167,0.0250834171767836,0.868779533447592,0.96683385563374
1866.5,0.916372726980301,0.0249438779377241,0.867214966608701,0.964124661703444
1867,0.915958844271104,0.0245472009229292,0.868724518785502,0.964203388130801
1867.5,0.91585396877386,0.0250628749540339,0.866743451012739,0.965713265607368
1868,0.914987129194569,0.0248465926760744,0.86567112468155,0.964239897786456
1868.5,0.914496611808281,0.0245543093676135,0.865975756135555,0.961702332982271
1869,0.914547845914822,0.0242921095545542,0.867737713044488,0.961792451938087
1869.5,0.91472313903293,0.0246751167038255,0.868349083321011,0.963957223867084
1870,0.914142373185426,0.0243645068678677,0.866788586331861,0.959867399516137
1870.5,0.914104371239752,0.024445481690641,0.867235169848993,0.962428685617374
1871,0.91394979449759,0.0247610827195441,0.865793382166291,0.962055613297507
1871.5,0.914005895997655,0.0241003944052424,0.867916656553593,0.960982654277454
1872,0.914421079660961,0.0248788058077093,0.865883251542493,0.962785301645351
1872.5,0.914696969334995,0.0244547672030528,0.866172834929405,0.962527920754466
1873,0.914211233414693,0.0243240439148602,0.866601813446934,0.961853513938682
1873.5,0.915055740901706,0.023970356396995,0.868483145687266,0.961841889484353
1874,0.91573198004398,0.023873208634322,0.868041686115526,0.96274504685783
1874.5,0.915935243838453,0.0234167919710751,0.869216182881999,0.961462571446758
1875,0.917158250329974,0.0240687391761948,0.869336023702527,0.964796157718379
1875.5,0.917764772471178,0.0239759744190574,0.870234395513183,0.96386539527345
1876,0.918727263987482,0.0239374474335233,0.873319176290692,0.966477297378956
1876.5,0.919542741635697,0.0236214802687536,0.873188969423843,0.965654766680387
1877,0.920838165454423,0.023843577610055,0.874034476462753,0.967462450055805
1877.5,0.921263567471206,0.0234923007454032,0.87454749657755,0.967673664709
1878,0.922225278875804,0.0238332528662446,0.875724689060501,0.968495710336241
1878.5,0.923946435757344,0.0235276547580757,0.877033883711636,0.969511170712861
1879,0.924835508881648,0.0241965049811871,0.876567825499852,0.971754494601
1879.5,0.926422333832564,0.0229654547670637,0.881093165988737,0.971406733284081
1880,0.927916328557877,0.0233927491202504,0.882422015844207,0.97359054561043
1880.5,0.929066940023974,0.0234906416784893,0.882526937928984,0.975040937967085
1881,0.930255378545341,0.0229282302246297,0.885044283445084,0.974849396024094
1881.5,0.931828893465129,0.023434192695704,0.88568747067772,0.975741550271576
1882,0.932625877038333,0.0238007387422403,0.885486539573945,0.978943033328364
1882.5,0.934095411811248,0.0235353653122867,0.887067829365466,0.979448020847626
1883,0.935432790414197,0.0234988285625155,0.888849200068531,0.981189082997062
1883.5,0.936082399528048,0.0236596001937959,0.889095151145333,0.981927493134294
1884,0.936873570583078,0.0235073029916373,0.889586130725959,0.982199685019055
1884.5,0.937724483659829,0.0234471565304283,0.889801410424003,0.982994494682363
1885,0.938539824726567,0.0232939340035299,0.892955349450473,0.983738004721573
1885.5,0.939451184868166,0.0231469721627808,0.893940658568964,0.984695764803472
1886,0.939792797425143,0.0239034216908169,0.892671958210815,0.986266861354883
1886.5,0.940391538947869,0.0233904651353305,0.895149045555158,0.986326810831393
1887,0.940802991106266,0.0236482707293944,0.893805462943578,0.986762985224124
1887.5,0.941254308665428,0.0233343841580559,0.896329754365516,0.987714218925246
1888,0.941902372507461,0.0236404536175997,0.89632034772818,0.98875830289559
1888.5,0.94207987233822,0.0231521622444154,0.896053960806069,0.987483250846923
1889,0.940986881476015,0.0239385772675231,0.894258131396044,0.987628208744317
1889.5,0.940820781596652,0.0229662265440352,0.896371015850262,0.985740279882884
1890,0.940515978156759,0.0234629240586697,0.89503072449805,0.986398233903068
1890.5,0.940204340472787,0.0231642079076055,0.894823756178266,0.986250279364604
1891,0.9397633874172,0.0236942766602081,0.893459227913232,0.987235036365669
1891.5,0.939998879548184,0.0236843513224191,0.892561559976668,0.985052390314749
1892,0.938804657391763,0.0236641129479669,0.892895817671344,0.985355547929764
1892.5,0.93777454161726,0.0231722212965032,0.8920194919436,0.982923599911559
1893,0.938169876530331,0.0236522884450498,0.892336716060715,0.983956356813908
1893.5,0.937121745095537,0.0233300080430553,0.890766116481416,0.982853887185039
1894,0.936297936040702,0.0232990784835975,0.889977483577741,0.980776740552931
1894.5,0.935413845555743,0.0234588496524258,0.88938041869669,0.981828359623
1895,0.935716884310876,0.0233748946462286,0.890246676309121,0.98231710015426
1895.5,0.934193118591759,0.0235884674628891,0.888325524193723,0.98090001357395
1896,0.933160853147558,0.0230428669462731,0.886918889938851,0.977791081819866
1896.5,0.932477280917488,0.023669121633314,0.886089614045973,0.978196630572348
1897,0.931915086547452,0.0233094007673416,0.887806255843652,0.977878909570358
1897.5,0.932066448392184,0.0231229250001729,0.887629386109986,0.977482409337803
1898,0.930935795397122,0.0237518621881347,0.884153701447317,0.977138141325459
1898.5,0.930445498246999,0.0232075484132408,0.885236667066692,0.975028906981884
1899,0.93115483064315,0.0231567617130858,0.886221011564436,0.97678702569452
1899.5,0.930578411347604,0.023130998132389,0.88498358255207,0.975317283760339
1900,0.930103120945428,0.0232952592229748,0.885014791225752,0.97554855561295
1900.5,0.930079540272479,0.0234048102817619,0.883626838073134,0.976510137837312
1901,0.931138845999222,0.0229458067958435,0.884391299251906,0.977143719779983
1901.5,0.931064980120837,0.0229977517048357,0.885793259643395,0.97501643792841
1902,0.931630192667047,0.0236909380118516,0.884736588227935,0.977340991220898
1902.5,0.931949716747365,0.0230896842819382,0.886897384800553,0.97747791856921
1903,0.933291179136622,0.0231951454111976,0.888172711778001,0.978373238150541
1903.5,0.93361558405562,0.0237302342720706,0.887497179986547,0.980090221249828
1904,0.934492489405483,0.0232440429005245,0.887965878901888,0.97974957827027
1904.5,0.934998732590848,0.0233326223979032,0.888976407780015,0.981585835367041
1905,0.93565005078044,0.0236804118059766,0.888940599840633,0.982420263395685
1905.5,0.937087746325737,0.0232312584878061,0.891288213974706,0.982019466482073
1906,0.937901972746512,0.0237189890844072,0.89004826550451,0.984369467990663
1906.5,0.939384981445319,0.0232050927738339,0.893936789823843,0.98535649192811
1907,0.940561395649704,0.023566838832972,0.894324245059481,0.987071925277421
1907.5,0.941155791808928,0.0237432196718054,0.895029865113075,0.986683729569922
1908,0.943516915303145,0.0234008569398873,0.898339406773005,0.990026562773406
1908.5,0.944607380787225,0.0234333406576815,0.90000116436356,0.992297481661982
1909,0.945469113238663,0.0233872573447237,0.900058862105312,0.991555964671634
1909.5,0.946601925781732,0.0232620889224044,0.90112834566451,0.991805502040939
1910,0.947125338504766,0.0232459610364049,0.901482255867749,0.991782739278787
1910.5,0.948349649085026,0.023456261248089,0.902263889253601,0.994653242958559
1911,0.949297886352222,0.0233304230986275,0.902845267324722,0.99440873983256
1911.5,0.950147091019261,0.0232508801824334,0.9044796644075,0.995863987631829
1912,0.950944423131853,0.0233744713092964,0.903776978365877,0.997099215317425
1912.5,0.951304114408344,0.0232342046830102,0.905839132634105,0.996587110661359
1913,0.951724473840352,0.023633243102448,0.904256460445547,0.997601363422824
1913.5,0.952182025699248,0.0232143885287337,0.906215856241541,0.998754150618427
1914,0.953462932298673,0.023361243534797,0.90824601961171,0.999973304783564
1914.5,0.953282440600506,0.0234659718202882,0.906479416309036,0.999167037974626
1915,0.953856805239609,0.0234271227175523,0.907766557844047,0.999374051067255
1915.5,0.953405003351367,0.023668692208777,0.908644814104245,1.0003171425928
1916,0.953545275545588,0.0231933601640137,0.908620606082959,0.998730122714744
1916.5,0.952732289697315,0.0234235605845519,0.907373721569975,0.998303856163491
1917,0.952362910046245,0.0235776788850318,0.905259771756007,0.998868489109266
1917.5,0.952086179224865,0.0234856035743347,0.905462686725383,0.997601183597904
1918,0.950990528083631,0.0229434586483975,0.90585619453484,0.995757701977649
1918.5,0.950172950320357,0.0231277571179607,0.904372222252224,0.995043594083871
1919,0.949581966365713,0.0233484211786695,0.904750299337314,0.996364143656702
1919.5,0.949673576331007,0.0229816453794585,0.905502289456666,0.994665008247465
1920,0.947909177768204,0.0231117305589741,0.903929457707445,0.994442341716019
1920.5,0.947341779387748,0.0237489347745232,0.899939312976253,0.993833139011855
1921,0.946805500678763,0.0240662468323899,0.89966025758412,0.993782665824533
1921.5,0.946028280662386,0.0228616342363284,0.902327369754575,0.991466772887533
1922,0.944527290035591,0.0232495108245278,0.898870939396268,0.989740608974049
1922.5,0.943724848082862,0.0230308890511023,0.898483892376679,0.989641507021649
1923,0.943387920434967,0.0232357639657837,0.896585217054366,0.989029532191174
1923.5,0.942490023120987,0.0232045967658835,0.89661610337117,0.987624880351693
1924,0.941459956785911,0.0230254519110656,0.89694273667101,0.986449053133573
1924.5,0.940898316839395,0.0235727555157122,0.893509978661734,0.985576045611962
1925,0.94031507258651,0.0234330240763277,0.895202766738183,0.986997768135278
1925.5,0.939209150430415,0.0229848886997533,0.893699090701618,0.983528194373096
1926,0.938862489598699,0.0230495538822962,0.892628348792278,0.984274960515816
1926.5,0.939524685068522,0.023049847284503,0.894322692246282,0.983353870351306
1927,0.938286253404906,0.0231644297209841,0.893243220543883,0.984500260226434
1927.5,0.938207684103553,0.0232865684329045,0.892145595898742,0.983773471809042
1928,0.938423206545883,0.0232413754043978,0.892754448809489,0.983741141733418
1928.5,0.938764179210785,0.0232191975957767,0.893813017115011,0.984719514063579
1929,0.938822489069104,0.0235016196647062,0.891562498439891,0.985010883807444
1929.5,0.939074094221767,0.0232353727642363,0.894978755228947,0.984327727607892
1930,0.939971268367542,0.0230118912044695,0.895407481944168,0.984862991851127
1930.5,0.940452124657839,0.0231442022883309,0.895070045355895,0.986366228600477
1931,0.940861716293669,0.023164960224169,0.894831923449389,0.985515572378758
1931.5,0.941902490212933,0.0229208465132572,0.897453040961499,0.986885087540303
1932,0.943207616100028,0.0230160054646449,0.898180238312119,0.98911058568461
1932.5,0.943659726383788,0.023290569498645,0.898543274808082,0.990322835170263
1933,0.944598957758849,0.0233369954743424,0.899092006668811,0.989604012557887
1933.5,0.94556240761712,0.0229937132431306,0.900978616053389,0.991374272424924
1934,0.946690182207705,0.0231636291750734,0.901952507217152,0.992018283934626
1934.5,0.947457694519153,0.0234538425220445,0.900635185866084,0.993252083500573
1935,0.948400870249017,0.0233501755529277,0.903438995050479,0.994255916273174
1935.5,0.949149535319644,0.0231014646038221,0.90309042906847,0.994838005151722
1936,0.95018292164956,0.0230753982186001,0.903847743474948,0.995421260432487
1936.5,0.950425135064315,0.0231069106598326,0.905026664242633,0.995939683255455
1937,0.951921413325441,0.0230080616814472,0.905104756825143,0.99608756063954
1937.5,0.951253997185776,0.0230690112654257,0.906126025323965,0.997239586620749
1938,0.95262970736504,0.0230964144745712,0.907890882348797,0.998666269470991
1938.5,0.952864094211017,0.0225671934987716,0.909175929419614,0.997106797577558
1939,0.952601596641754,0.0229856499162453,0.908015097651445,0.996380014406467
1939.5,0.95341593088366,0.0229161281194128,0.909424899620245,0.998426724161336
1940,0.952494424429226,0.0227587422281955,0.906781149675536,0.996084433158587
1940.5,0.951908665140813,0.0230204122367457,0.906393724023873,0.996217935519804
1941,0.951623206624045,0.022763907677698,0.906689146346086,0.995898228848524
1941.5,0.95038833502017,0.0231017293550023,0.906919433730545,0.994975193847146
1942,0.949070420266671,0.0232097377157707,0.905540704540839,0.994403910450226
1942.5,0.948199212501632,0.0228264364656351,0.904012686207087,0.993610916138413
1943,0.946492405462269,0.0233952817720454,0.902068347453192,0.991374315639889
1943.5,0.945919509848571,0.02304658115078,0.90077070649818,0.991779228091471
1944,0.944278305520933,0.0230725002481832,0.89975177491432,0.990103234733182
1944.5,0.942556342872853,0.0228364128059348,0.896836947067214,0.988126232758408
1945,0.939989087537165,0.0226659205819109,0.895771413047268,0.985265399661194
1945.5,0.93843472908092,0.0230141207655091,0.893226671270924,0.984496778170431
1946,0.936834817212739,0.022704637802791,0.892047704456775,0.981882310055271
1946.5,0.935033323508786,0.022616900932186,0.890889948475463,0.979365314864706
1947,0.932545328468478,0.0229251518217122,0.887481712238344,0.977955589381725
1947.5,0.931604411303686,0.023107479524512,0.886668776243958,0.97702751094343
1948,0.928947026191457,0.0230565120866622,0.882983139882689,0.972897405225575
1948.5,0.927738760057012,0.0226076985249765,0.882883477314291,0.972171005275712
1949,0.92587790819411,0.0228372642634408,0.881446632222266,0.971243483327603
1949.5,0.924061784609581,0.0229102633799375,0.880145576164815,0.968923720489861
1950,0.923306138435854,0.0227593681426126,0.877976835988963,0.967826368248401
1950.5,0.921937877253997,0.0224338931575264,0.877875460709825,0.96679632349784
1951,0.921049081844984,0.0229271568436746,0.8746247376656,0.965634317717151
1951.5,0.920919191312836,0.0228914925709369,0.876650222384824,0.967315386965962
1952,0.921197716261667,0.0226493323760546,0.877764774888499,0.965110656989161
1952.5,0.921813329749339,0.0229166533483581,0.876414888454432,0.967356323938802
1953,0.9220686782745,0.0225053948664899,0.877971841027881,0.966195507733097
1953.5,0.92269749042247,0.0229370730344816,0.877588780106487,0.966661679864463
1954,0.92439316349378,0.0229837627400385,0.878280015606951,0.968956083880421
1954.5,0.926380067707924,0.022562839279762,0.882595998551891,0.971134765049021
1955,0.93027006051433,0.0224956989123631,0.884700623917693,0.974148297523549
1955.5,0.933133355945648,0.0225976380856271,0.889045892645394,0.978557399510102
1956,0.936352046653629,0.0224411954276302,0.891484096313021,0.980158517610374
1956.5,0.940465108402961,0.022544668989936,0.89593470643027,0.983958312118677
1957,0.945404535419793,0.022957696533192,0.899244982881886,0.989102502038483
1957.5,0.949958434753556,0.0227453623460518,0.90592692332173,0.994528960802578
1958,0.955473242747167,0.0223584897103097,0.911576735552504,0.999673323653497
1958.5,0.961064635786235,0.0229817002151061,0.917176790546727,1.00692375995351
1959,0.966973980894319,0.0224754777252548,0.923375470194138,1.01036129064946
1959.5,0.972837989801304,0.0225623378117597,0.928729323297378,1.01828064551909
1960,0.980107335923733,0.022597396944918,0.936224385634268,1.02513563710928
1960.5,0.986778661791503,0.0225936738198955,0.942843235427196,1.02987830639682
1961,0.993361439155897,0.0226219247177737,0.949347321399491,1.03722003957237
1961.5,1.00118931610647,0.0229794510047261,0.956065444756888,1.04651428064563
1962,1.00897589837616,0.0224565376192747,0.965459433657406,1.05283957310952
1962.5,1.01631846597885,0.0226497518317742,0.971532231477287,1.06085534028367
1963,1.02510210338591,0.0229325925718587,0.980871207390608,1.0697905293874
1963.5,1.03220240437866,0.0225130288643424,0.98873535635982,1.0762066875371
1964,1.03968227007928,0.0225454640636996,0.996101826508159,1.08314930881639
1964.5,1.04772086108645,0.0225013635670057,1.00341661434761,1.09173262384314
1965,1.05536374104052,0.022792863717693,1.01126353426035,1.09992746951523
1965.5,1.06333834544897,0.0227287456303452,1.02025962088775,1.10858594660111
1966,1.07037192319035,0.0225130039935265,1.02577757988601,1.11425431270777
1966.5,1.07697643259679,0.0226461248136398,1.03232636708605,1.12046905491197
1967,1.08394239712687,0.0224882915243006,1.03891239451756,1.1282134305806
1967.5,1.09060373392327,0.0224404642874672,1.04673661980885,1.13508186459886
1968,1.09646665616247,0.0227993203685809,1.05252355901702,1.14063178503263
1968.5,1.10265184913949,0.022557551367703,1.05957100853244,1.14699032690881
1969,1.10864485569632,0.0228572544205904,1.06435440998949,1.15451659482869
1969.5,1.11367065372539,0.0226327944910423,1.06941416450248,1.15769284777052
1970,1.11800506759878,0.022976275049445,1.07298358550267,1.16435294353408
1970.5,1.12236187202984,0.0225254272888856,1.07868170629149,1.16632612653747
1971,1.12621566283613,0.0228773944661879,1.0806718090506,1.17185253807092
1971.5,1.1302636404544,0.0230554035769205,1.08471563003026,1.17486539018279
1972,1.13292788859617,0.02261907064754,1.08979641064685,1.17789157099852
1972.5,1.13566625698174,0.022242006205852,1.09099339221592,1.17882917863188
1973,1.13745115779677,0.0229530790063645,1.09326410542123,1.18335776462699
1973.5,1.13820057582326,0.0228208875374386,1.09318209314817,1.18330838902623
1974,1.13948451965567,0.0228385464423573,1.09480698637921,1.18341551581083
1974.5,1.14074393608934,0.02303999305828,1.0943375230075,1.18595663399943
1975,1.1399472230201,0.0228849708227014,1.09501386962386,1.18535449015156
1975.5,1.13948583190837,0.022795206878665,1.09483940952167,1.18444225447161
1976,1.13855896214401,0.0229605572860317,1.09386701186392,1.18290820663232
1976.5,1.13751239737504,0.0227212127841364,1.09215248265285,1.18152203704278
1977,1.13665690799963,0.0225680624559408,1.09131794099576,1.18027858613271
1977.5,1.13523974604081,0.0230359557852,1.091197517303,1.17975526444653
1978,1.13311116655972,0.0227467355899375,1.08928933048167,1.17835592661825
1978.5,1.13124492578308,0.022721761055399,1.08673411401481,1.17556600190617
1979,1.12850959963784,0.0225064928515032,1.08498828305662,1.17231708287519
1979.5,1.12635475857901,0.0228724947678327,1.08035965311676,1.16994319721315
1980,1.12344739647109,0.0232502210752921,1.07843332940868,1.1687609234043
1980.5,1.12081158840461,0.0227135971747502,1.07606091833303,1.16461691046807
1981,1.11883824472041,0.0227434659575066,1.07605008306781,1.16345998750502
1981.5,1.11663437611744,0.0225576438392413,1.07191123747281,1.16051854553618
1982,1.11320013223661,0.0229557626825534,1.0675960911615,1.15693104363554
1982.5,1.11086516429367,0.0228235427138879,1.06639545416811,1.15542368157305
1983,1.10885449700202,0.0226524280401735,1.06479800767882,1.1526840967869
1983.5,1.10657412215492,0.0224044279972232,1.06223062508243,1.14933556240371
1984,1.10386207338673,0.0224635377680088,1.05978796076153,1.14746857968266
1984.5,1.10218107175303,0.0228624899596526,1.05781561708085,1.14676724345088
1985,1.09975375787279,0.0225216356132452,1.05476954086385,1.14351436608735
1985.5,1.09821197908596,0.0229294795523928,1.05328673191339,1.14323088140058
1986,1.0966287226487,0.0226043609565065,1.05274117253445,1.14173666204295
1986.5,1.09498591429241,0.0225997864407496,1.05144287052679,1.13983009950117
1987,1.09320305870365,0.0227978360585736,1.04736042581573,1.13704016096362
1987.5,1.09222760900751,0.0222575133694896,1.04867544947723,1.13612367327687
1988,1.09132802250896,0.0228677324912386,1.04661836895412,1.13488989929591
1988.5,1.09096324116704,0.0228098407937758,1.04723944536141,1.13574029108581
1989,1.09025408161518,0.0228271371638381,1.04586078478891,1.13582472730555
1989.5,1.08861273766964,0.022124889224977,1.04607793736151,1.13228953746619
1990,1.08758204045237,0.0226601576142122,1.04328470887964,1.1321622703321
1990.5,1.08673671978718,0.0234470351185763,1.04098285751403,1.13283836322283
1991,1.08635337421182,0.0228752459099315,1.04050145431374,1.13124485815653
1991.5,1.08655588163854,0.0226869747039142,1.04190210074733,1.13214660542974
1992,1.0851747563917,0.0226743639116798,1.04092146249866,1.12844165858892
1992.5,1.08508743716739,0.0227165716502967,1.04064580514436,1.12973471840097
1993,1.08418272658923,0.0224929167569362,1.04116539850408,1.12919511367801
1993.5,1.08401658764823,0.022605092190452,1.03952359507076,1.1274921051648
1994,1.08359902919055,0.0223900221887217,1.03964437477867,1.1277689574944
1994.5,1.08246553752323,0.0228725976608591,1.03767031805398,1.12695729011238
1995,1.08146536929974,0.0226801025222211,1.03666721137326,1.12474680301424
1995.5,1.08125637786892,0.0227321456905956,1.03657307258707,1.12423594817479
1996,1.08016401574552,0.0227509802716868,1.03604118130774,1.12365109870287
1996.5,1.07946964340147,0.022858275284013,1.03402800015542,1.12452082136496
1997,1.07814186266366,0.0230270459455864,1.03242409400342,1.12287658879199
1997.5,1.07738389480449,0.022540312780757,1.03289258573581,1.12031880141738
1998,1.07645079232053,0.0229740498917423,1.03117247604517,1.12199715029337
1998.5,1.0752497442789,0.0229421736038368,1.03066333373831,1.12103989130658
1999,1.07313582644491,0.0227538210852067,1.02892395124452,1.11755397681531
1999.5,1.07303068727938,0.0226575687326842,1.02914437718276,1.11702539513112
2000,1.07101810944917,0.0228509437148477,1.0258397813171,1.11539150197357
2000.5,1.06979828499269,0.022812783495224,1.0252704063844,1.11420190802616
2001,1.06836057287125,0.0224585686014235,1.02419705380431,1.11132319628831
2001.5,1.06773828856195,0.0227353861721304,1.02209408778761,1.11094408707433
2002,1.06445869415556,0.0227158987740991,1.02000916413116,1.10809448894242
2002.5,1.06378268037248,0.0223500870386509,1.01849037444218,1.10714209017589
2003,1.06196475831593,0.0226242568373699,1.01849937200497,1.10709012335507
2003.5,1.06079900996316,0.0225792306624261,1.01683186728155,1.10444336068501
2004,1.05831558974665,0.023030245397624,1.01332204197147,1.10265483396319
2004.5,1.05669276010694,0.0229769872677735,1.01129167955284,1.10066564877889
2005,1.05485049941551,0.0226067164920227,1.00987022773294,1.09935525426206
2005.5,1.05345927182252,0.0224355862099347,1.00892446182956,1.0970118387205
2006,1.05146007728824,0.0223609336143493,1.00889062307804,1.09517577289049
2006.5,1.04883068604127,0.0229474774256854,1.00359233464651,1.09359778299437
2007,1.04817267843346,0.0223627172160481,1.00475155452792,1.09237397734669
2007.5,1.04617744921356,0.0231348544308498,1.00057092899678,1.09311448942524
2008,1.04450680945325,0.0227116732878514,1.00031049828645,1.08927840210099
2008.5,1.0428702811572,0.022677486966165,0.998603508103713,1.08815995848309
2009,1.04078411743087,0.0224806908325774,0.996371126684584,1.08411686866171
2009.5,1.03916503797334,0.0225800870717333,0.99507910490226,1.08340861071788
2010,1.03798278793188,0.0224162373767694,0.995841719524313,1.08171555281211
2010.5,1.03575067695685,0.0229449570379557,0.990017507044456,1.08028389524736
2011,1.03492723908765,0.0228532590157502,0.990451770362201,1.07990327343935
2011.5,1.03287967872057,0.0225097778085638,0.988444679679029,1.07545375829759
2012,1.03179509993803,0.0229155541451417,0.98781262307718,1.07768730945904
2012.5,1.02958147880405,0.0227289111939235,0.984235853364045,1.07426175563348
2013,1.02828866435105,0.022658070205697,0.983729409919999,1.07286090556006
2013.5,1.02669527758881,0.0230302423635921,0.980729921946182,1.0703981100657
2014,1.0249073809005,0.0230883054176995,0.97968419380944,1.07037764048818
2014.5,1.02443404398619,0.0227927078997911,0.978711850121813,1.06755023628729
2015,1.02303463088645,0.0227006305065393,0.977936453170986,1.06791510544451
2015.5,1.02117848720539,0.0225711636778309,0.977034510264665,1.06558320806009
2016,1.01993390815458,0.0233256930896331,0.975108040909197,1.06609516694961
2016.5,1.01824996220695,0.0226952479412115,0.974283554821082,1.06316483079276
2017,1.01684438014753,0.0229559614051631,0.970380776399274,1.06201593149704
2017.5,1.0153654004962,0.022856864980457,0.970660749719921,1.06066211716679
2018,1.01424978707134,0.0228047605957476,0.970528944349327,1.05920504080049
2018.5,1.01259338498265,0.0230159247155705,0.967726363496692,1.05779940051026
2019,1.01073519352569,0.0227806832957898,0.967767462969825,1.05590139793779
2019.5,1.0096481452018,0.0227489560385477,0.964716699839671,1.05488508519265
2020,1.00851215281432,0.0230575432761892,0.964357948542783,1.05306021992121
